{
    "message_sizes": [
        1024,
        10000,
        100000,
        1000000
    ],
    "runs_per_case": 20,
    "metrics": {
        "1024": {
            "keypair_time_ms": [
                0.06651878356933594,
                0.0045299530029296875,
                0.0021457672119140625,
                0.0019073486328125,
                0.0021457672119140625,
                0.0019073486328125,
                0.0019073486328125,
                0.0019073486328125,
                0.002384185791015625,
                0.0016689300537109375,
                0.0016689300537109375,
                0.0016689300537109375,
                0.0021457672119140625,
                0.0016689300537109375,
                0.0016689300537109375,
                0.0016689300537109375,
                0.0021457672119140625,
                0.0021457672119140625,
                0.0021457672119140625,
                0.0021457672119140625
            ],
            "sign_time_ms": [
                0.018358230590820312,
                0.009298324584960938,
                0.007867813110351562,
                0.008344650268554688,
                0.007867813110351562,
                0.00762939453125,
                0.00762939453125,
                0.00762939453125,
                0.008106231689453125,
                0.007867813110351562,
                0.007867813110351562,
                0.00762939453125,
                0.0073909759521484375,
                0.00762939453125,
                0.007867813110351562,
                0.00762939453125,
                0.007867813110351562,
                0.008106231689453125,
                0.007867813110351562,
                0.008106231689453125
            ],
            "verify_time_ms": [
                0.008106231689453125,
                0.0069141387939453125,
                0.0064373016357421875,
                0.0059604644775390625,
                0.0064373016357421875,
                0.0064373016357421875,
                0.0064373016357421875,
                0.00667572021484375,
                0.0064373016357421875,
                0.0064373016357421875,
                0.0064373016357421875,
                0.0064373016357421875,
                0.0064373016357421875,
                0.0064373016357421875,
                0.0064373016357421875,
                0.0064373016357421875,
                0.0064373016357421875,
                0.0064373016357421875,
                0.006198883056640625,
                0.0064373016357421875
            ],
            "pk_size": [
                32,
                32,
                32,
                32,
                32,
                32,
                32,
                32,
                32,
                32,
                32,
                32,
                32,
                32,
                32,
                32,
                32,
                32,
                32,
                32
            ],
            "sk_size": [
                32,
                32,
                32,
                32,
                32,
                32,
                32,
                32,
                32,
                32,
                32,
                32,
                32,
                32,
                32,
                32,
                32,
                32,
                32,
                32
            ],
            "sig_size": [
                64,
                64,
                64,
                64,
                64,
                64,
                64,
                64,
                64,
                64,
                64,
                64,
                64,
                64,
                64,
                64,
                64,
                64,
                64,
                64
            ],
            "verify_success": [
                true,
                true,
                true,
                true,
                true,
                true,
                true,
                true,
                true,
                true,
                true,
                true,
                true,
                true,
                true,
                true,
                true,
                true,
                true,
                true
            ],
            "verify_failure": [
                false,
                false,
                false,
                false,
                false,
                false,
                false,
                false,
                false,
                false,
                false,
                false,
                false,
                false,
                false,
                false,
                false,
                false,
                false,
                false
            ]
        },
        "10000": {
            "keypair_time_ms": [
                0.019311904907226562,
                0.0019073486328125,
                0.0016689300537109375,
                0.001430511474609375,
                0.0021457672119140625,
                0.0021457672119140625,
                0.00286102294921875,
                0.0016689300537109375,
                0.001430511474609375,
                0.001430511474609375,
                0.001430511474609375,
                0.0016689300537109375,
                0.001430511474609375,
                0.0021457672119140625,
                0.0019073486328125,
                0.0021457672119140625,
                0.001430511474609375,
                0.0016689300537109375,
                0.0011920928955078125,
                0.0016689300537109375
            ],
            "sign_time_ms": [
                0.04220008850097656,
                0.04410743713378906,
                0.03409385681152344,
                0.03361701965332031,
                0.033855438232421875,
                0.05125999450683594,
                0.05125999450683594,
                0.05078315734863281,
                0.034332275390625,
                0.034332275390625,
                0.034332275390625,
                0.03409385681152344,
                0.03409385681152344,
                0.05507469177246094,
                0.03314018249511719,
                0.032901763916015625,
                0.032901763916015625,
                0.03361701965332031,
                0.03266334533691406,
                0.03361701965332031
            ],
            "verify_time_ms": [
                0.03409385681152344,
                0.03314018249511719,
                0.033855438232421875,
                0.03314018249511719,
                0.03600120544433594,
                0.04887580871582031,
                0.050067901611328125,
                0.049114227294921875,
                0.03337860107421875,
                0.032901763916015625,
                0.03266334533691406,
                0.03314018249511719,
                0.032901763916015625,
                0.03314018249511719,
                0.03266334533691406,
                0.031948089599609375,
                0.032901763916015625,
                0.0324249267578125,
                0.03266334533691406,
                0.03337860107421875
            ],
            "pk_size": [
                32,
                32,
                32,
                32,
                32,
                32,
                32,
                32,
                32,
                32,
                32,
                32,
                32,
                32,
                32,
                32,
                32,
                32,
                32,
                32
            ],