{
    "message_sizes": [
        1024,
        10000,
        100000,
        1000000
    ],
    "runs_per_case": 20,
    "metrics": {
        "1024": {
            "keypair_time_ms": [
                0.061511993408203125,
                0.003337860107421875,
                0.0016689300537109375,
                0.0011920928955078125,
                0.001430511474609375,
                0.0011920928955078125,
                0.0011920928955078125,
                0.001430511474609375,
                0.001430511474609375,
                0.0011920928955078125,
                0.0011920928955078125,
                0.001430511474609375,
                0.0011920928955078125,
                0.0011920928955078125,
                0.001430511474609375,
                0.0011920928955078125,
                0.0011920928955078125,
                0.0011920928955078125,
                0.001430511474609375,
                0.0011920928955078125
            ],
            "sign_time_ms": [
                0.011205673217773438,
                0.006198883056640625,
                0.005245208740234375,
                0.0050067901611328125,
                0.0050067901611328125,
                0.005245208740234375,
                0.005245208740234375,
                0.0050067901611328125,
                0.0050067901611328125,
                0.005245208740234375,
                0.005245208740234375,
                0.0050067901611328125,
                0.0050067901611328125,
                0.005245208740234375,
                0.0050067901611328125,
                0.0050067901611328125,
                0.0050067901611328125,
                0.0054836273193359375,
                0.0050067901611328125,
                0.0050067901611328125
            ],
            "verify_time_ms": [
                0.0054836273193359375,
                0.00476837158203125,
                0.0045299530029296875,
                0.004291534423828125,
                0.004291534423828125,
                0.004291534423828125,
                0.004291534423828125,
                0.0045299530029296875,
                0.0045299530029296875,
                0.004291534423828125,
                0.004291534423828125,
                0.0045299530029296875,
                0.0040531158447265625,
                0.004291534423828125,
                0.0045299530029296875,
                0.004291534423828125,
                0.004291534423828125,
                0.0040531158447265625,
                0.004291534423828125,
                0.004291534423828125
            ],
            "pk_size": [
                32,
                32,
                32,
                32,
                32,
                32,
                32,
                32,
                32,
                32,
                32,
                32,
                32,
                32,
                32,
                32,
                32,
                32,
                32,
                32
            ],
            "sk_size": [
                32,
                32,
                32,
                32,
                32,
                32,
                32,
                32,
                32,
                32,
                32,
                32,
                32,
                32,
                32,
                32,
                32,
                32,
                32,
                32
            ],
            "sig_size": [
                64,
                64,
                64,
                64,
                64,
                64,
                64,
                64,
                64,
                64,
                64,
                64,
                64,
                64,
                64,
                64,
                64,
                64,
                64,
                64
            ],
            "verify_success": [
                true,
                true,
                true,
                true,
                true,
                true,
                true,
                true,
                true,
                true,
                true,
                true,
                true,
                true,
                true,
                true,
                true,
                true,
                true,
                true
            ],
            "verify_failure": [
                false,
                false,
                false,
                false,
                false,
                false,
                false,
                false,
                false,
                false,
                false,
                false,
                false,
                false,
                false,
                false,
                false,
                false,
                false,
                false
            ]
        },
        "10000": {
            "keypair_time_ms": [
                0.011205673217773438,
                0.0019073486328125,
                0.0026226043701171875,
                0.0016689300537109375,
                0.001430511474609375,
                0.001430511474609375,
                0.001430511474609375,
                0.001430511474609375,
                0.0011920928955078125,
                0.001430511474609375,
                0.0011920928955078125,
                0.0011920928955078125,
                0.0011920928955078125,
                0.0011920928955078125,
                0.0011920928955078125,
                0.0016689300537109375,
                0.0011920928955078125,
                0.0011920928955078125,
                0.001430511474609375,
                0.001430511474609375
            ],
            "sign_time_ms": [
                0.03647804260253906,
                0.04649162292480469,
                0.030517578125,
                0.030994415283203125,
                0.030517578125,
                0.030279159545898438,
                0.030755996704101562,
                0.030040740966796875,
                0.03361701965332031,
                0.031948089599609375,
                0.030279159545898438,
                0.030279159545898438,
                0.030279159545898438,
                0.030755996704101562,
                0.030994415283203125,
                0.031232833862304688,
                0.031232833862304688,
                0.031232833862304688,
                0.032901763916015625,
                0.033855438232421875
            ],
            "verify_time_ms": [
                0.04315376281738281,
                0.05555152893066406,
                0.029325485229492188,
                0.029325485229492188,
                0.02956390380859375,
                0.029802322387695312,
                0.02956390380859375,
                0.029802322387695312,
                0.03266334533691406,
                0.02956390380859375,
                0.029087066650390625,
                0.02956390380859375,
                0.02956390380859375,
                0.030279159545898438,
                0.030279159545898438,
                0.030517578125,
                0.030517578125,
                0.030279159545898438,
                0.032901763916015625,
                0.031232833862304688
            ],
            "pk_size": [
                32,
                32,
                32,
                32,
                32,
                32,
                32,
                32,
                32,
                32,
                32,
                32,
                32,
                32,
                32,
                32,
                32,
                32,
                32,
                32
            ],